#node1	node2	node1_string_id	node2_string_id	neighborhood_on_chromosome	gene_fusion	phylogenetic_cooccurrence	homology	coexpression	experimentally_determined_interaction	database_annotated	automated_textmining	combined_score
BHLH148	P0034C11.1	4530.OS03T0741100-01	4530.OS01T0246700-01	0	0	0	0	0.261	0	0	0.401	0.538
BHLH148	OS01T0821300-01	4530.OS03T0741100-01	4530.OS01T0821300-01	0	0	0	0	0.402	0	0	0	0.402
BHLH148	WRKY24	4530.OS03T0741100-01	4530.OS01T0826400-01	0	0	0	0	0.566	0	0	0.304	0.685
BHLH148	DREB1G	4530.OS03T0741100-01	4530.OS02T0677300-02	0	0	0	0	0.271	0	0	0.406	0.548
BHLH148	OsJ_07960	4530.OS03T0741100-01	4530.OS02T0685200-01	0	0	0	0	0	0	0	0.608	0.608
BHLH148	TIFY8	4530.OS03T0741100-01	4530.OS02T0732400-01	0	0	0	0	0	0	0	0.570	0.570
BHLH148	ZFP36	4530.OS03T0741100-01	4530.OS03T0437200-01	0	0	0	0	0.699	0	0	0.370	0.802
BHLH148	ERF24	4530.OS03T0741100-01	4530.OS09T0522200-01	0	0	0	0	0.216	0	0	0.269	0.402
BHLH148	OS05T0199800-01	4530.OS03T0741100-01	4530.OS05T0199800-01	0	0	0	0	0.058	0	0	0.404	0.414
BHLH148	OS07T0143200-00	4530.OS03T0741100-01	4530.OS07T0143200-00	0	0	0	0	0	0	0	0.520	0.520
BHLH148	OS05T0574900-01	4530.OS03T0741100-01	4530.OS05T0574900-01	0	0	0	0	0	0	0	0.584	0.584
BURP3	RAB21	4530.OS01T0733500-01	4530.OS11T0454300-01	0	0	0	0	0	0	0	0.402	0.402
BURP3	ERF24	4530.OS01T0733500-01	4530.OS09T0522200-01	0	0	0	0	0	0	0	0.402	0.402
BURP3	RAB16D	4530.OS01T0733500-01	4530.OS11T0453900-01	0	0	0	0	0	0	0	0.521	0.521
CIPK14	OsJ_11413	4530.OS12T0113500-01	4530.OS03T0445700-01	0	0	0	0	0	0	0	0.404	0.404
CIPK14	OsJ_16882	4530.OS12T0113500-01	4530.OS05T0114400-01	0	0	0	0	0.049	0.130	0.061	0.405	0.475
CIPK14	ERF24	4530.OS12T0113500-01	4530.OS09T0522200-01	0	0	0	0	0	0.053	0	0.401	0.408
CIPK21	OsJ_05230	4530.OS07T0637000-01	4530.OS02T0128800-01	0	0	0	0	0.049	0.043	0	0.528	0.532
CIPK21	ERF24	4530.OS07T0637000-01	4530.OS09T0522200-01	0	0	0	0	0.102	0.053	0	0.384	0.430
CIPK21	OS11T0207200-01	4530.OS07T0637000-01	4530.OS11T0207200-01	0	0	0.403	0.646	0.261	0.084	0	0.486	0.489
CYP707A5	WRKY24	4530.OS02T0703600-01	4530.OS01T0826400-01	0	0	0	0	0.235	0	0	0.393	0.515
CYP707A5	OS09T0530275-00	4530.OS02T0703600-01	4530.OS09T0530275-00	0	0	0.415	0	0	0.054	0.095	0.062	0.467
CYP707A5	MCSU3	4530.OS02T0703600-01	4530.OS06T0670000-01	0	0	0	0	0	0	0	0.575	0.575
CYP707A5	ERF24	4530.OS02T0703600-01	4530.OS09T0522200-01	0	0	0	0	0.555	0	0	0.378	0.711
CYP99A2	OsJ_02543	4530.OS04T0180400-01	4530.OS01T0606900-01	0	0	0	0	0	0	0	0.548	0.548
CYP99A2	HSFC1A	4530.OS04T0180400-01	4530.OS01T0625300-01	0	0	0	0	0	0	0	0.548	0.548
CYP99A2	CYP99A3	4530.OS04T0180400-01	4530.OS04T0178400-01	0	0	0.449	0.982	0.828	0	0	0.843	0.831
CYP99A2	ERF24	4530.OS04T0180400-01	4530.OS09T0522200-01	0	0	0	0	0	0	0	0.548	0.548
CYP99A3	OsJ_02543	4530.OS04T0178400-01	4530.OS01T0606900-01	0	0	0	0	0	0	0	0.548	0.548
CYP99A3	HSFC1A	4530.OS04T0178400-01	4530.OS01T0625300-01	0	0	0	0	0	0	0	0.548	0.548
CYP99A3	ERF24	4530.OS04T0178400-01	4530.OS09T0522200-01	0	0	0	0	0	0	0	0.548	0.548
DREB1B	DREB1G	4530.OS09T0522000-01	4530.OS02T0677300-02	0	0	0	0	0.866	0	0	0	0.866
DREB1B	ERF24	4530.OS09T0522000-01	4530.OS09T0522200-01	0	0	0	0	0.645	0	0	0.810	0.929
DREB1G	ERF24	4530.OS02T0677300-02	4530.OS09T0522200-01	0	0	0	0.868	0.349	0	0	0.611	0.400
DREB1G	OS07T0143200-00	4530.OS02T0677300-02	4530.OS07T0143200-00	0	0	0	0	0	0	0	0.564	0.564
DREB1G	TIFY8	4530.OS02T0677300-02	4530.OS02T0732400-01	0	0	0	0	0	0	0	0.612	0.612
DREB1G	OS05T0574900-01	4530.OS02T0677300-02	4530.OS05T0574900-01	0	0	0	0	0	0.047	0	0.615	0.617
DREB2D	HOX13	4530.OS05T0473300-01	4530.OS03T0188900-01	0	0	0	0	0	0	0	0.767	0.767
DREB2D	HOX17	4530.OS05T0473300-01	4530.OS04T0548700-01	0	0	0	0	0	0	0	0.768	0.768
DREB2D	ROC4	4530.OS05T0473300-01	4530.OS04T0569100-01	0	0	0	0	0	0	0	0.767	0.767
DREB2D	OSH71	4530.OS05T0473300-01	4530.OS05T0129700-01	0	0	0	0	0	0	0	0.689	0.689
DREB2D	ERF24	4530.OS05T0473300-01	4530.OS09T0522200-01	0	0	0	0	0	0	0	0.478	0.478
DREB2D	OSH45	4530.OS05T0473300-01	4530.OS08T0292900-01	0	0	0	0	0	0	0	0.768	0.768
ERF24	OS01T0140700-00	4530.OS09T0522200-01	4530.OS01T0140700-00	0	0	0	0	0	0	0	0.404	0.404
ERF24	OS01T0185900-01	4530.OS09T0522200-01	4530.OS01T0185900-01	0	0	0	0	0	0	0	0.518	0.518
ERF24	P0034C11.1	4530.OS09T0522200-01	4530.OS01T0246700-01	0	0	0	0	0.123	0	0	0.431	0.479
ERF24	RAA1	4530.OS09T0522200-01	4530.OS01T0257300-01	0	0	0	0	0	0	0	0.532	0.532
ERF24	OsJ_02543	4530.OS09T0522200-01	4530.OS01T0606900-01	0	0	0	0	0	0	0	0.616	0.616
ERF24	HSFC1A	4530.OS09T0522200-01	4530.OS01T0625300-01	0	0	0	0	0	0	0	0.616	0.616
ERF24	OsJ_02889	4530.OS09T0522200-01	4530.OS01T0659200-01	0	0	0	0	0	0	0	0.599	0.599
ERF24	OS01T0693400-01	4530.OS09T0522200-01	4530.OS01T0693400-01	0	0	0	0	0.128	0	0	0.370	0.427
ERF24	OsJ_03777	4530.OS09T0522200-01	4530.OS01T0801500-01	0	0	0	0	0	0	0	0.584	0.584
ERF24	OS01T0819200-00	4530.OS09T0522200-01	4530.OS01T0819200-00	0	0	0	0	0	0	0	0.431	0.431
ERF24	OS01T0819300-01	4530.OS09T0522200-01	4530.OS01T0819300-01	0	0	0	0	0	0	0	0.431	0.431
ERF24	OS01T0821300-01	4530.OS09T0522200-01	4530.OS01T0821300-01	0	0	0	0	0.123	0	0	0.400	0.451
ERF24	WRKY24	4530.OS09T0522200-01	4530.OS01T0826400-01	0	0	0	0	0.190	0	0	0.438	0.525
ERF24	OsJ_04706	4530.OS09T0522200-01	4530.OS01T0938200-01	0	0	0	0	0	0	0	0.533	0.533
ERF24	OsJ_18736	4530.OS09T0522200-01	4530.OS01T0940700-02	0	0	0	0	0	0	0	0.514	0.514
ERF24	OS01T0944500-00	4530.OS09T0522200-01	4530.OS01T0944500-00	0	0	0	0	0	0	0	0.514	0.514
ERF24	IRO2	4530.OS09T0522200-01	4530.OS01T0952800-01	0	0	0	0	0	0	0	0.400	0.400
ERF24	OsJ_05230	4530.OS09T0522200-01	4530.OS02T0128800-01	0	0	0	0	0	0	0	0.409	0.408
ERF24	PHR3	4530.OS09T0522200-01	4530.OS02T0139000-01	0	0	0	0	0	0	0	0.642	0.642
ERF24	TUB5	4530.OS09T0522200-01	4530.OS02T0167300-01	0	0	0	0	0	0	0	0.479	0.479
ERF24	OS02T0202000-00	4530.OS09T0522200-01	4530.OS02T0202000-00	0	0	0	0	0	0	0	0.608	0.608
ERF24	OS02T0203000-00	4530.OS09T0522200-01	4530.OS02T0203000-00	0	0	0	0	0	0.077	0	0.430	0.451
ERF24	OS02T0610500-01	4530.OS09T0522200-01	4530.OS02T0610500-01	0	0	0	0	0	0	0	0.531	0.531
ERF24	OsJ_07960	4530.OS09T0522200-01	4530.OS02T0685200-01	0	0	0	0	0	0	0	0.401	0.400
ERF24	TIFY8	4530.OS09T0522200-01	4530.OS02T0732400-01	0	0	0	0	0	0	0	0.473	0.473
ERF24	HOS66	4530.OS09T0522200-01	4530.OS03T0123500-02	0	0	0	0	0	0	0	0.404	0.404
ERF24	HOX13	4530.OS09T0522200-01	4530.OS03T0188900-01	0	0	0	0	0	0	0	0.471	0.471
ERF24	ZFP36	4530.OS09T0522200-01	4530.OS03T0437200-01	0	0	0	0	0.131	0	0	0.600	0.637
ERF24	OsJ_11413	4530.OS09T0522200-01	4530.OS03T0445700-01	0	0	0	0	0	0	0	0.479	0.479
ERF24	RCABP89	4530.OS09T0522200-01	4530.OS03T0592500-01	0	0	0	0	0	0	0	0.414	0.414
ERF24	YAB2	4530.OS09T0522200-01	4530.OS03T0650000-01	0	0	0	0	0	0	0	0.438	0.438
ERF24	TUBB8	4530.OS09T0522200-01	4530.OS03T0661300-01	0	0	0	0	0	0	0	0.401	0.400
ERF24	OS03T0764100-01	4530.OS09T0522200-01	4530.OS03T0764100-01	0	0	0	0	0.199	0	0	0.401	0.499
ERF24	WRKY51	4530.OS09T0522200-01	4530.OS04T0287400-01	0	0	0	0	0	0	0	0.600	0.600
ERF24	OS04T0444300-01	4530.OS09T0522200-01	4530.OS04T0444300-01	0	0	0	0	0	0	0	0.566	0.566
ERF24	HOX17	4530.OS09T0522200-01	4530.OS04T0548700-01	0	0	0	0	0	0	0	0.476	0.476
ERF24	ROC4	4530.OS09T0522200-01	4530.OS04T0569100-01	0	0	0	0	0	0	0	0.472	0.472
ERF24	OS04T0655700-00	4530.OS09T0522200-01	4530.OS04T0655700-00	0	0	0	0	0	0	0	0.536	0.536
ERF24	OS04T0678400-01	4530.OS09T0522200-01	4530.OS04T0678400-01	0	0	0	0	0	0	0	0.532	0.532
ERF24	OsJ_16882	4530.OS09T0522200-01	4530.OS05T0114400-01	0	0	0	0	0	0	0	0.479	0.479
ERF24	OSH71	4530.OS09T0522200-01	4530.OS05T0129700-01	0	0	0	0	0	0	0	0.400	0.400
ERF24	OS05T0199800-01	4530.OS09T0522200-01	4530.OS05T0199800-01	0	0	0	0	0	0	0	0.586	0.586
ERF24	WRKY45-1	4530.OS09T0522200-01	4530.OS05T0322900-01	0	0	0	0	0	0	0	0.533	0.533
ERF24	OS05T0338933-00	4530.OS09T0522200-01	4530.OS05T0338933-00	0	0	0	0	0	0	0	0.400	0.400
ERF24	P0017D10.7	4530.OS09T0522200-01	4530.OS05T0412800-01	0	0	0	0	0	0	0	0.412	0.412
ERF24	OS05T0480200-01	4530.OS09T0522200-01	4530.OS05T0480200-01	0	0	0	0	0	0	0	0.531	0.531
ERF24	OS05T0495900-01	4530.OS09T0522200-01	4530.OS05T0495900-01	0	0	0	0	0	0	0	0.642	0.642
ERF24	P0560C03.2	4530.OS09T0522200-01	4530.OS05T0549800-01	0	0	0	0	0	0	0	0.518	0.518
ERF24	OsJ_19477	4530.OS09T0522200-01	4530.OS05T0553400-01	0	0	0	0	0	0	0	0.533	0.533
ERF24	OS05T0574900-01	4530.OS09T0522200-01	4530.OS05T0574900-01	0	0	0	0	0	0.053	0	0.476	0.482
ERF24	OS06T0125000-00	4530.OS09T0522200-01	4530.OS06T0125000-00	0	0	0	0	0	0	0	0.688	0.688
ERF24	OS06T0181700-01	4530.OS09T0522200-01	4530.OS06T0181700-01	0	0	0	0	0	0	0	0.608	0.608
ERF24	OS06T0195800-01	4530.OS09T0522200-01	4530.OS06T0195800-01	0	0	0	0	0	0	0	0.400	0.400
ERF24	P0690H04.1	4530.OS09T0522200-01	4530.OS06T0225000-00	0	0	0	0	0	0	0	0.400	0.400
ERF24	OS06T0264200-00	4530.OS09T0522200-01	4530.OS06T0264200-00	0	0	0	0	0	0	0	0.416	0.416
ERF24	OS06T0267500-01	4530.OS09T0522200-01	4530.OS06T0267500-01	0	0	0	0	0	0	0	0.531	0.531
ERF24	OsJ_21903	4530.OS09T0522200-01	4530.OS06T0604000-02	0	0	0	0	0	0	0	0.608	0.608
ERF24	NFYC4	4530.OS09T0522200-01	4530.OS06T0667100-01	0	0	0	0	0	0	0	0.533	0.533
ERF24	MCSU3	4530.OS09T0522200-01	4530.OS06T0670000-01	0	0	0	0	0	0	0	0.522	0.522
ERF24	OS07T0143200-00	4530.OS09T0522200-01	4530.OS07T0143200-00	0	0	0	0	0	0	0	0.400	0.400
ERF24	OS07T0209600-00	4530.OS09T0522200-01	4530.OS07T0209600-00	0	0	0	0	0	0	0	0.401	0.400
ERF24	OS07T0410300-01	4530.OS09T0522200-01	4530.OS07T0410300-01	0	0	0	0	0	0	0	0.400	0.400
ERF24	OS07T0508700-00	4530.OS09T0522200-01	4530.OS07T0508700-00	0	0	0	0	0	0	0	0.600	0.600
ERF24	OS08T0126000-00	4530.OS09T0522200-01	4530.OS08T0126000-00	0	0	0	0	0	0	0	0.400	0.400
ERF24	OS08T0249000-01	4530.OS09T0522200-01	4530.OS08T0249000-01	0	0	0	0	0	0	0	0.416	0.416
ERF24	OSH45	4530.OS09T0522200-01	4530.OS08T0292900-01	0	0	0	0	0	0	0	0.477	0.477
ERF24	P0470B03.6	4530.OS09T0522200-01	4530.OS08T0467100-01	0	0	0	0	0	0	0	0.414	0.414
ERF24	SAP11	4530.OS09T0522200-01	4530.OS08T0504700-01	0	0	0	0	0.550	0	0	0.096	0.575
ERF24	OS09T0243200-01	4530.OS09T0522200-01	4530.OS09T0243200-01	0	0	0	0	0	0	0	0.400	0.400
ERF24	OsJ_28937	4530.OS09T0522200-01	4530.OS09T0334500-01	0	0	0	0	0.102	0	0	0.403	0.441
ERF24	OS09T0437100-00	4530.OS09T0522200-01	4530.OS09T0437100-00	0	0	0	0	0	0	0	0.400	0.400
ERF24	NAC5	4530.OS09T0522200-01	4530.OS11T0184900-02	0	0	0	0	0	0	0	0.401	0.400
ERF24	OS12T0106200-01	4530.OS09T0522200-01	4530.OS12T0106200-01	0	0	0	0	0	0	0	0.400	0.400
ERF24	OsJ_34943	4530.OS09T0522200-01	4530.OS11T0106900-01	0	0	0	0	0	0	0	0.400	0.400
ERF24	RAB21	4530.OS09T0522200-01	4530.OS11T0454300-01	0	0	0	0	0	0	0	0.401	0.400
ERF24	OS10T0556200-01	4530.OS09T0522200-01	4530.OS10T0556200-01	0	0	0	0	0	0	0	0.417	0.416
ERF24	OS10T0560400-01	4530.OS09T0522200-01	4530.OS10T0560400-01	0	0	0	0	0	0	0	0.416	0.416
ERF24	OS11T0207200-01	4530.OS09T0522200-01	4530.OS11T0207200-01	0	0	0	0	0.100	0	0	0.384	0.422
ERF24	OsJ_30162	4530.OS09T0522200-01	4530.OS09T0538800-01	0	0	0	0	0	0	0	0.431	0.431
ERF24	OS09T0530300-01	4530.OS09T0522200-01	4530.OS09T0530300-01	0	0	0	0	0	0	0	0.440	0.440
ERF24	OS09T0530275-00	4530.OS09T0522200-01	4530.OS09T0530275-00	0	0	0	0	0	0	0	0.440	0.440
ERF24	RAB16D	4530.OS09T0522200-01	4530.OS11T0453900-01	0	0	0	0	0	0	0	0.475	0.475
HOX13	OSH71	4530.OS03T0188900-01	4530.OS05T0129700-01	0	0	0	0	0	0.057	0	0.686	0.691
HOX13	OSH45	4530.OS03T0188900-01	4530.OS08T0292900-01	0	0	0	0	0	0.057	0	0.767	0.770
HOX17	WRKY45-1	4530.OS04T0548700-01	4530.OS05T0322900-01	0	0	0	0	0	0	0	0.465	0.465
HOX17	OSH71	4530.OS04T0548700-01	4530.OS05T0129700-01	0	0	0	0	0	0.057	0	0.740	0.744
HOX17	OSH45	4530.OS04T0548700-01	4530.OS08T0292900-01	0	0	0	0	0	0.057	0	0.769	0.772
HSFC1A	OsJ_02543	4530.OS01T0625300-01	4530.OS01T0606900-01	0	0	0	0	0	0.113	0.243	0.676	0.763
HSFC1A	OS09T0530300-01	4530.OS01T0625300-01	4530.OS09T0530300-01	0	0	0	0	0	0	0	0.440	0.440
HSFC1A	OS09T0530275-00	4530.OS01T0625300-01	4530.OS09T0530275-00	0	0	0	0	0	0	0	0.440	0.440
IRO2	OS07T0410300-01	4530.OS01T0952800-01	4530.OS07T0410300-01	0	0	0	0	0	0	0	0.401	0.400
IRO2	PHR3	4530.OS01T0952800-01	4530.OS02T0139000-01	0	0	0	0	0	0	0	0.404	0.404
NAC5	OsJ_11413	4530.OS11T0184900-02	4530.OS03T0445700-01	0	0	0	0	0	0	0	0.404	0.404
NAC5	OsJ_16882	4530.OS11T0184900-02	4530.OS05T0114400-01	0	0	0	0	0.047	0.059	0	0.404	0.418
NFYC4	RAA1	4530.OS06T0667100-01	4530.OS01T0257300-01	0	0	0	0	0	0	0	0.639	0.639
NFYC4	OsJ_04706	4530.OS06T0667100-01	4530.OS01T0938200-01	0	0	0	0	0	0	0	0.641	0.641
NFYC4	OS02T0203000-00	4530.OS06T0667100-01	4530.OS02T0203000-00	0	0	0	0	0	0.046	0	0.603	0.605
NFYC4	OS02T0610500-01	4530.OS06T0667100-01	4530.OS02T0610500-01	0	0	0	0	0	0.251	0	0.639	0.718
NFYC4	RCABP89	4530.OS06T0667100-01	4530.OS03T0592500-01	0	0	0	0	0	0	0	0.593	0.593
NFYC4	OS04T0678400-01	4530.OS06T0667100-01	4530.OS04T0678400-01	0	0	0	0	0	0	0	0.640	0.640
NFYC4	OS05T0574900-01	4530.OS06T0667100-01	4530.OS05T0574900-01	0	0	0	0	0	0.207	0	0.348	0.460
NFYC4	OS06T0264200-00	4530.OS06T0667100-01	4530.OS06T0264200-00	0	0	0	0	0	0.070	0	0.595	0.607
NFYC4	OS07T0508700-00	4530.OS06T0667100-01	4530.OS07T0508700-00	0	0	0	0	0	0	0	0.467	0.467
NFYC4	OS10T0556200-01	4530.OS06T0667100-01	4530.OS10T0556200-01	0	0	0	0	0	0	0	0.596	0.596
NFYC4	OS10T0560400-01	4530.OS06T0667100-01	4530.OS10T0560400-01	0	0	0	0	0	0.070	0	0.596	0.608
NFYC4	OS08T0249000-01	4530.OS06T0667100-01	4530.OS08T0249000-01	0	0	0	0	0	0.251	0	0.596	0.684
OS01T0185900-01	OS07T0209600-00	4530.OS01T0185900-01	4530.OS07T0209600-00	0	0	0	0	0	0	0	0.465	0.465
OS01T0185900-01	OS03T0764100-01	4530.OS01T0185900-01	4530.OS03T0764100-01	0	0	0	0	0	0	0	0.465	0.465
OS01T0185900-01	P0470B03.6	4530.OS01T0185900-01	4530.OS08T0467100-01	0	0	0	0	0	0	0	0.505	0.505
OS01T0185900-01	YAB2	4530.OS01T0185900-01	4530.OS03T0650000-01	0	0	0	0	0	0	0	0.523	0.523
OS01T0185900-01	P0560C03.2	4530.OS01T0185900-01	4530.OS05T0549800-01	0	0	0	0	0	0	0	0.566	0.566
OS01T0185900-01	OS05T0199800-01	4530.OS01T0185900-01	4530.OS05T0199800-01	0	0	0	0	0	0	0	0.608	0.608
OS01T0185900-01	ZFP36	4530.OS01T0185900-01	4530.OS03T0437200-01	0	0	0	0	0	0	0	0.620	0.620
OS01T0185900-01	OS07T0508700-00	4530.OS01T0185900-01	4530.OS07T0508700-00	0	0	0	0	0	0	0	0.620	0.620
OS01T0185900-01	OsJ_19477	4530.OS01T0185900-01	4530.OS05T0553400-01	0	0	0	0	0.135	0	0	0.595	0.634
OS01T0693400-01	OS07T0508700-00	4530.OS01T0693400-01	4530.OS07T0508700-00	0	0	0	0	0	0	0	0.403	0.403
OS01T0693400-01	ZFP36	4530.OS01T0693400-01	4530.OS03T0437200-01	0	0	0	0	0	0	0	0.403	0.403
OS01T0693400-01	OS05T0199800-01	4530.OS01T0693400-01	4530.OS05T0199800-01	0	0	0	0	0	0	0	0.403	0.403
OS01T0693400-01	P0017D10.7	4530.OS01T0693400-01	4530.OS05T0412800-01	0	0	0	0	0	0	0	0.403	0.403
OS01T0693400-01	OS05T0480200-01	4530.OS01T0693400-01	4530.OS05T0480200-01	0	0	0	0	0	0	0	0.516	0.516
OS01T0819200-00	OsJ_02889	4530.OS01T0819200-00	4530.OS01T0659200-01	0	0	0	0	0	0	0	0.599	0.599
OS01T0819200-00	OsJ_03777	4530.OS01T0819200-00	4530.OS01T0801500-01	0	0	0	0	0	0	0	0.584	0.584
OS01T0819200-00	OS01T0944500-00	4530.OS01T0819200-00	4530.OS01T0944500-00	0	0	0	0	0	0	0	0.518	0.518
OS01T0819200-00	OsJ_18736	4530.OS01T0819200-00	4530.OS01T0940700-02	0	0	0	0	0	0	0	0.518	0.518
OS01T0819200-00	OS05T0495900-01	4530.OS01T0819200-00	4530.OS05T0495900-01	0	0	0	0	0	0	0	0.642	0.642
OS01T0819300-01	OsJ_02889	4530.OS01T0819300-01	4530.OS01T0659200-01	0	0	0	0	0	0	0	0.599	0.599
OS01T0819300-01	OsJ_03777	4530.OS01T0819300-01	4530.OS01T0801500-01	0	0	0	0	0	0	0	0.584	0.584
OS01T0819300-01	OsJ_18736	4530.OS01T0819300-01	4530.OS01T0940700-02	0	0	0	0	0	0	0	0.518	0.518
OS01T0819300-01	OS01T0944500-00	4530.OS01T0819300-01	4530.OS01T0944500-00	0	0	0	0	0	0	0	0.518	0.518
OS01T0819300-01	OS05T0495900-01	4530.OS01T0819300-01	4530.OS05T0495900-01	0	0	0	0	0	0	0	0.642	0.642
OS01T0821300-01	RAB16D	4530.OS01T0821300-01	4530.OS11T0453900-01	0	0	0	0	0	0	0	0.405	0.405
OS01T0821300-01	P0690H04.1	4530.OS01T0821300-01	4530.OS06T0225000-00	0	0	0	0	0	0	0	0.568	0.568
OS01T0821300-01	OS09T0437100-00	4530.OS01T0821300-01	4530.OS09T0437100-00	0	0	0	0	0	0	0	0.569	0.569
OS01T0821300-01	OS09T0243200-01	4530.OS01T0821300-01	4530.OS09T0243200-01	0	0	0	0	0	0	0	0.569	0.569
OS01T0821300-01	OS05T0338933-00	4530.OS01T0821300-01	4530.OS05T0338933-00	0	0	0	0	0	0	0	0.569	0.569
OS01T0821300-01	OS08T0126000-00	4530.OS01T0821300-01	4530.OS08T0126000-00	0	0	0	0	0	0	0	0.569	0.569
OS01T0821300-01	OS06T0195800-01	4530.OS01T0821300-01	4530.OS06T0195800-01	0	0	0	0	0	0	0	0.569	0.569
OS01T0821300-01	OsJ_34943	4530.OS01T0821300-01	4530.OS11T0106900-01	0	0	0	0	0	0	0	0.571	0.571
OS01T0821300-01	OS12T0106200-01	4530.OS01T0821300-01	4530.OS12T0106200-01	0	0	0	0	0	0	0	0.571	0.571
OS01T0944500-00	OsJ_02889	4530.OS01T0944500-00	4530.OS01T0659200-01	0	0	0	0	0	0	0	0.618	0.618
OS01T0944500-00	OsJ_30162	4530.OS01T0944500-00	4530.OS09T0538800-01	0	0	0	0	0	0	0	0.518	0.518
OS02T0202000-00	OsJ_05230	4530.OS02T0202000-00	4530.OS02T0128800-01	0	0	0	0	0	0	0	0.437	0.437
OS02T0203000-00	RAA1	4530.OS02T0203000-00	4530.OS01T0257300-01	0	0	0	0	0	0	0	0.513	0.513
OS02T0203000-00	OsJ_04706	4530.OS02T0203000-00	4530.OS01T0938200-01	0	0	0	0	0	0	0	0.603	0.603
OS02T0203000-00	OsJ_16882	4530.OS02T0203000-00	4530.OS05T0114400-01	0	0	0	0	0	0.107	0.319	0.109	0.410
OS02T0203000-00	OS07T0209600-00	4530.OS02T0203000-00	4530.OS07T0209600-00	0	0	0	0	0	0.107	0.319	0.109	0.410
OS02T0203000-00	ZFP36	4530.OS02T0203000-00	4530.OS03T0437200-01	0	0	0	0	0	0.107	0.319	0.109	0.410
OS02T0203000-00	OS03T0764100-01	4530.OS02T0203000-00	4530.OS03T0764100-01	0	0	0	0	0	0.107	0.319	0.109	0.410
OS02T0203000-00	P0470B03.6	4530.OS02T0203000-00	4530.OS08T0467100-01	0	0	0	0	0	0.107	0.319	0.109	0.410
OS02T0203000-00	OS07T0143200-00	4530.OS02T0203000-00	4530.OS07T0143200-00	0	0	0	0	0	0	0	0.513	0.513
OS02T0203000-00	OS10T0556200-01	4530.OS02T0203000-00	4530.OS10T0556200-01	0	0	0	0	0.057	0	0	0.523	0.530
OS02T0203000-00	OS04T0678400-01	4530.OS02T0203000-00	4530.OS04T0678400-01	0	0	0	0	0	0	0	0.601	0.601
OS02T0203000-00	OS02T0610500-01	4530.OS02T0203000-00	4530.OS02T0610500-01	0	0	0	0	0.048	0.071	0.340	0.510	0.675
OS02T0203000-00	OS08T0249000-01	4530.OS02T0203000-00	4530.OS08T0249000-01	0	0	0	0	0.048	0.071	0.340	0.522	0.683
OS02T0203000-00	OS10T0560400-01	4530.OS02T0203000-00	4530.OS10T0560400-01	0	0	0	0	0.048	0.071	0.340	0.523	0.684
OS02T0203000-00	OS06T0264200-00	4530.OS02T0203000-00	4530.OS06T0264200-00	0	0	0	0	0.048	0.177	0.340	0.518	0.717
OS02T0610500-01	RAA1	4530.OS02T0610500-01	4530.OS01T0257300-01	0	0	0	0	0	0	0	0.636	0.636
OS02T0610500-01	OsJ_04706	4530.OS02T0610500-01	4530.OS01T0938200-01	0	0	0	0	0.046	0	0	0.639	0.640
OS02T0610500-01	SAP11	4530.OS02T0610500-01	4530.OS08T0504700-01	0	0	0	0	0	0	0	0.523	0.523
OS02T0610500-01	RCABP89	4530.OS02T0610500-01	4530.OS03T0592500-01	0	0	0	0	0.046	0.054	0	0.523	0.531
OS02T0610500-01	OS10T0556200-01	4530.OS02T0610500-01	4530.OS10T0556200-01	0	0	0	0	0	0	0	0.594	0.594
OS02T0610500-01	OS04T0678400-01	4530.OS02T0610500-01	4530.OS04T0678400-01	0	0	0	0	0	0	0	0.637	0.637
OS03T0764100-01	YAB2	4530.OS03T0764100-01	4530.OS03T0650000-01	0	0	0	0	0	0	0	0.404	0.404
OS03T0764100-01	P0560C03.2	4530.OS03T0764100-01	4530.OS05T0549800-01	0	0	0	0	0	0	0	0.466	0.465
OS03T0764100-01	WRKY45-1	4530.OS03T0764100-01	4530.OS05T0322900-01	0	0	0	0	0	0.064	0	0.509	0.520
OS03T0764100-01	OsJ_28937	4530.OS03T0764100-01	4530.OS09T0334500-01	0	0	0	0	0.271	0	0	0.380	0.528
OS03T0764100-01	OS05T0199800-01	4530.OS03T0764100-01	4530.OS05T0199800-01	0	0	0	0	0	0	0	0.535	0.535
OS03T0764100-01	OS07T0508700-00	4530.OS03T0764100-01	4530.OS07T0508700-00	0	0	0	0	0	0	0	0.566	0.566
OS03T0764100-01	WRKY51	4530.OS03T0764100-01	4530.OS04T0287400-01	0	0	0	0	0.058	0	0	0.566	0.573
OS03T0764100-01	OsJ_19477	4530.OS03T0764100-01	4530.OS05T0553400-01	0	0	0	0	0.172	0.071	0.110	0.509	0.618
OS03T0764100-01	SAP11	4530.OS03T0764100-01	4530.OS08T0504700-01	0	0	0	0	0.627	0	0	0.105	0.652
OS04T0678400-01	RAA1	4530.OS04T0678400-01	4530.OS01T0257300-01	0	0	0	0	0	0	0	0.638	0.638
OS04T0678400-01	OsJ_04706	4530.OS04T0678400-01	4530.OS01T0938200-01	0	0	0	0	0	0	0	0.640	0.640
OS04T0678400-01	RCABP89	4530.OS04T0678400-01	4530.OS03T0592500-01	0	0	0	0	0	0	0	0.591	0.591
OS04T0678400-01	WRKY45-1	4530.OS04T0678400-01	4530.OS05T0322900-01	0	0	0	0	0	0	0	0.531	0.531
OS04T0678400-01	OS08T0249000-01	4530.OS04T0678400-01	4530.OS08T0249000-01	0	0	0	0	0	0	0	0.594	0.594
OS04T0678400-01	OS06T0264200-00	4530.OS04T0678400-01	4530.OS06T0264200-00	0	0	0	0	0	0	0	0.594	0.594
OS04T0678400-01	OS10T0560400-01	4530.OS04T0678400-01	4530.OS10T0560400-01	0	0	0	0	0	0	0	0.595	0.595
OS04T0678400-01	OS10T0556200-01	4530.OS04T0678400-01	4530.OS10T0556200-01	0	0	0	0	0	0	0	0.595	0.595
OS05T0199800-01	ZFP36	4530.OS05T0199800-01	4530.OS03T0437200-01	0	0	0	0	0	0	0	0.674	0.674
OS05T0199800-01	YAB2	4530.OS05T0199800-01	4530.OS03T0650000-01	0	0	0	0	0	0	0	0.592	0.592
OS05T0199800-01	WRKY51	4530.OS05T0199800-01	4530.OS04T0287400-01	0	0	0	0	0	0	0	0.535	0.535
OS05T0199800-01	P0560C03.2	4530.OS05T0199800-01	4530.OS05T0549800-01	0	0	0	0	0	0	0	0.403	0.403
OS05T0199800-01	OS07T0209600-00	4530.OS05T0199800-01	4530.OS07T0209600-00	0	0	0	0	0	0	0	0.535	0.535
OS05T0199800-01	OsJ_28937	4530.OS05T0199800-01	4530.OS09T0334500-01	0	0	0	0	0.048	0	0	0.575	0.578
OS05T0199800-01	P0470B03.6	4530.OS05T0199800-01	4530.OS08T0467100-01	0	0	0	0	0	0	0	0.592	0.592
OS05T0199800-01	OsJ_19477	4530.OS05T0199800-01	4530.OS05T0553400-01	0	0	0	0	0	0	0	0.624	0.624
OS05T0199800-01	WRKY45-1	4530.OS05T0199800-01	4530.OS05T0322900-01	0	0	0	0	0.044	0	0	0.624	0.625
OS05T0199800-01	OS07T0508700-00	4530.OS05T0199800-01	4530.OS07T0508700-00	0	0	0	0	0	0	0	0.673	0.673
OS05T0338933-00	RAB16D	4530.OS05T0338933-00	4530.OS11T0453900-01	0	0	0	0	0	0	0	0.471	0.471
OS05T0338933-00	OS12T0106200-01	4530.OS05T0338933-00	4530.OS12T0106200-01	0	0	0	0	0	0	0	0.570	0.570
OS05T0338933-00	OsJ_34943	4530.OS05T0338933-00	4530.OS11T0106900-01	0	0	0	0	0	0	0	0.570	0.570
OS05T0338933-00	P0690H04.1	4530.OS05T0338933-00	4530.OS06T0225000-00	0	0	0	0	0	0	0	0.585	0.585
OS05T0338933-00	OS09T0243200-01	4530.OS05T0338933-00	4530.OS09T0243200-01	0	0	0	0	0	0	0	0.586	0.586
OS05T0338933-00	OS08T0126000-00	4530.OS05T0338933-00	4530.OS08T0126000-00	0	0	0	0	0	0	0	0.586	0.586
OS05T0338933-00	OS09T0437100-00	4530.OS05T0338933-00	4530.OS09T0437100-00	0	0	0	0	0	0	0	0.586	0.586
OS05T0338933-00	OS06T0195800-01	4530.OS05T0338933-00	4530.OS06T0195800-01	0	0	0	0	0	0	0.081	0.586	0.603
OS05T0480200-01	P0034C11.1	4530.OS05T0480200-01	4530.OS01T0246700-01	0	0	0	0	0	0	0	0.598	0.598
OS05T0480200-01	WRKY24	4530.OS05T0480200-01	4530.OS01T0826400-01	0	0	0	0	0.046	0	0	0.603	0.605
OS05T0480200-01	P0017D10.7	4530.OS05T0480200-01	4530.OS05T0412800-01	0	0	0	0	0	0.094	0	0.674	0.692
OS05T0480200-01	OS06T0267500-01	4530.OS05T0480200-01	4530.OS06T0267500-01	0	0	0	0	0	0	0	0.636	0.636
OS05T0480200-01	P0560C03.2	4530.OS05T0480200-01	4530.OS05T0549800-01	0	0	0	0	0	0	0	0.700	0.700
OS05T0495900-01	OsJ_02889	4530.OS05T0495900-01	4530.OS01T0659200-01	0	0	0	0	0	0	0	0.707	0.707
OS05T0495900-01	OsJ_30162	4530.OS05T0495900-01	4530.OS09T0538800-01	0	0	0	0	0	0	0	0.642	0.642
OS05T0574900-01	TIFY8	4530.OS05T0574900-01	4530.OS02T0732400-01	0	0	0	0	0	0	0	0.766	0.766
OS05T0574900-01	OS07T0143200-00	4530.OS05T0574900-01	4530.OS07T0143200-00	0	0	0	0	0	0.226	0.932	0.681	0.981
OS06T0195800-01	RAB16D	4530.OS06T0195800-01	4530.OS11T0453900-01	0	0	0	0	0	0	0	0.477	0.477
OS06T0195800-01	OsJ_34943	4530.OS06T0195800-01	4530.OS11T0106900-01	0	0	0	0	0	0	0	0.569	0.569
OS06T0195800-01	OS12T0106200-01	4530.OS06T0195800-01	4530.OS12T0106200-01	0	0	0	0	0	0	0	0.569	0.569
OS06T0195800-01	OS09T0243200-01	4530.OS06T0195800-01	4530.OS09T0243200-01	0	0	0	0	0	0	0	0.586	0.586
OS06T0195800-01	OS09T0437100-00	4530.OS06T0195800-01	4530.OS09T0437100-00	0	0	0	0	0	0	0	0.586	0.586
OS06T0195800-01	OS08T0126000-00	4530.OS06T0195800-01	4530.OS08T0126000-00	0	0	0	0	0	0	0	0.586	0.586
OS06T0195800-01	P0690H04.1	4530.OS06T0195800-01	4530.OS06T0225000-00	0	0	0	0	0.049	0.054	0	0.584	0.593
OS06T0264200-00	RAA1	4530.OS06T0264200-00	4530.OS01T0257300-01	0	0	0	0	0	0	0	0.593	0.593
OS06T0264200-00	OsJ_04706	4530.OS06T0264200-00	4530.OS01T0938200-01	0	0	0	0	0.046	0	0	0.595	0.597
OS06T0264200-00	RCABP89	4530.OS06T0264200-00	4530.OS03T0592500-01	0	0	0	0	0	0.054	0	0.505	0.511
OS06T0264200-00	OS10T0556200-01	4530.OS06T0264200-00	4530.OS10T0556200-01	0	0	0	0	0	0	0	0.508	0.508
OS06T0267500-01	P0034C11.1	4530.OS06T0267500-01	4530.OS01T0246700-01	0	0	0	0	0.111	0	0	0.601	0.630
OS06T0267500-01	WRKY24	4530.OS06T0267500-01	4530.OS01T0826400-01	0	0	0	0	0	0	0	0.603	0.603
OS06T0267500-01	P0017D10.7	4530.OS06T0267500-01	4530.OS05T0412800-01	0	0	0	0	0	0	0	0.591	0.591
OS06T0267500-01	P0560C03.2	4530.OS06T0267500-01	4530.OS05T0549800-01	0	0	0	0	0	0	0	0.590	0.590
OS07T0143200-00	TIFY8	4530.OS07T0143200-00	4530.OS02T0732400-01	0	0	0	0	0	0	0	0.659	0.659
OS07T0209600-00	YAB2	4530.OS07T0209600-00	4530.OS03T0650000-01	0	0	0	0	0	0	0	0.404	0.404
OS07T0209600-00	WRKY51	4530.OS07T0209600-00	4530.OS04T0287400-01	0	0	0	0	0.058	0	0	0.566	0.573
OS07T0209600-00	WRKY45-1	4530.OS07T0209600-00	4530.OS05T0322900-01	0	0	0	0	0	0.064	0	0.509	0.520
OS07T0209600-00	P0560C03.2	4530.OS07T0209600-00	4530.OS05T0549800-01	0	0	0	0	0	0	0	0.466	0.465
OS07T0209600-00	OsJ_19477	4530.OS07T0209600-00	4530.OS05T0553400-01	0	0	0	0	0	0.071	0.110	0.509	0.558
OS07T0209600-00	OS07T0508700-00	4530.OS07T0209600-00	4530.OS07T0508700-00	0	0	0	0	0	0	0	0.566	0.566
OS07T0410300-01	OsJ_11413	4530.OS07T0410300-01	4530.OS03T0445700-01	0	0	0	0	0	0	0	0.480	0.480
OS07T0410300-01	OsJ_16882	4530.OS07T0410300-01	4530.OS05T0114400-01	0	0	0	0	0	0	0	0.529	0.529
OS07T0508700-00	ZFP36	4530.OS07T0508700-00	4530.OS03T0437200-01	0	0	0	0	0	0	0	0.714	0.714
OS07T0508700-00	YAB2	4530.OS07T0508700-00	4530.OS03T0650000-01	0	0	0	0	0	0	0	0.603	0.603
OS07T0508700-00	WRKY51	4530.OS07T0508700-00	4530.OS04T0287400-01	0	0	0	0	0	0	0	0.716	0.716
OS07T0508700-00	WRKY45-1	4530.OS07T0508700-00	4530.OS05T0322900-01	0	0	0	0	0	0	0	0.689	0.689
OS07T0508700-00	P0560C03.2	4530.OS07T0508700-00	4530.OS05T0549800-01	0	0	0	0	0	0	0	0.620	0.620
OS07T0508700-00	OsJ_19477	4530.OS07T0508700-00	4530.OS05T0553400-01	0	0	0	0	0	0	0	0.641	0.641
OS07T0508700-00	OsJ_28937	4530.OS07T0508700-00	4530.OS09T0334500-01	0	0	0	0	0	0	0	0.575	0.575
OS07T0508700-00	P0470B03.6	4530.OS07T0508700-00	4530.OS08T0467100-01	0	0	0	0	0	0	0	0.592	0.592
OS08T0126000-00	P0690H04.1	4530.OS08T0126000-00	4530.OS06T0225000-00	0	0	0	0	0	0	0	0.611	0.611
OS08T0126000-00	RAB16D	4530.OS08T0126000-00	4530.OS11T0453900-01	0	0	0	0	0	0	0	0.471	0.471
OS08T0126000-00	OS12T0106200-01	4530.OS08T0126000-00	4530.OS12T0106200-01	0	0	0	0	0	0	0	0.570	0.570
OS08T0126000-00	OsJ_34943	4530.OS08T0126000-00	4530.OS11T0106900-01	0	0	0	0	0	0	0	0.570	0.570
OS08T0126000-00	OS09T0437100-00	4530.OS08T0126000-00	4530.OS09T0437100-00	0	0	0	0	0	0	0	0.586	0.586
OS08T0126000-00	OS09T0243200-01	4530.OS08T0126000-00	4530.OS09T0243200-01	0	0	0	0	0.050	0	0	0.612	0.615
OS08T0249000-01	RAA1	4530.OS08T0249000-01	4530.OS01T0257300-01	0	0	0	0	0	0	0	0.593	0.593
OS08T0249000-01	OsJ_04706	4530.OS08T0249000-01	4530.OS01T0938200-01	0	0	0	0	0.046	0	0	0.596	0.598
OS08T0249000-01	RCABP89	4530.OS08T0249000-01	4530.OS03T0592500-01	0	0	0	0	0.046	0.054	0	0.506	0.515
OS08T0249000-01	OS10T0556200-01	4530.OS08T0249000-01	4530.OS10T0556200-01	0	0	0	0	0	0	0	0.509	0.509
OS08T0249000-01	OS10T0560400-01	4530.OS08T0249000-01	4530.OS10T0560400-01	0	0	0	0	0.109	0	0	0.508	0.542
OS09T0243200-01	P0690H04.1	4530.OS09T0243200-01	4530.OS06T0225000-00	0	0	0	0	0	0	0	0.611	0.611
OS09T0243200-01	RAB16D	4530.OS09T0243200-01	4530.OS11T0453900-01	0	0	0	0	0	0	0	0.471	0.471
OS09T0243200-01	OS12T0106200-01	4530.OS09T0243200-01	4530.OS12T0106200-01	0	0	0	0	0	0	0	0.570	0.570
OS09T0243200-01	OsJ_34943	4530.OS09T0243200-01	4530.OS11T0106900-01	0	0	0	0	0	0	0	0.570	0.570
OS09T0243200-01	OS09T0437100-00	4530.OS09T0243200-01	4530.OS09T0437100-00	0	0	0	0	0	0	0	0.586	0.586
OS09T0437100-00	P0690H04.1	4530.OS09T0437100-00	4530.OS06T0225000-00	0	0	0	0	0	0	0	0.585	0.585
OS09T0437100-00	RAB16D	4530.OS09T0437100-00	4530.OS11T0453900-01	0	0	0	0	0	0	0	0.471	0.471
OS09T0437100-00	OS12T0106200-01	4530.OS09T0437100-00	4530.OS12T0106200-01	0	0	0	0	0	0	0	0.570	0.570
OS09T0437100-00	OsJ_34943	4530.OS09T0437100-00	4530.OS11T0106900-01	0	0	0	0	0	0	0	0.570	0.570
OS09T0530275-00	OsJ_02543	4530.OS09T0530275-00	4530.OS01T0606900-01	0	0	0	0	0	0	0	0.440	0.440
OS09T0530300-01	OsJ_02543	4530.OS09T0530300-01	4530.OS01T0606900-01	0	0	0	0	0	0	0	0.440	0.440
OS10T0556200-01	P0034C11.1	4530.OS10T0556200-01	4530.OS01T0246700-01	0	0	0	0	0	0	0	0.564	0.564
OS10T0556200-01	RAA1	4530.OS10T0556200-01	4530.OS01T0257300-01	0	0	0	0	0	0	0	0.594	0.594
OS10T0556200-01	OsJ_04706	4530.OS10T0556200-01	4530.OS01T0938200-01	0	0	0	0	0	0	0	0.596	0.596
OS10T0556200-01	RCABP89	4530.OS10T0556200-01	4530.OS03T0592500-01	0	0	0	0	0	0	0	0.506	0.506
OS10T0556200-01	OS10T0560400-01	4530.OS10T0556200-01	4530.OS10T0560400-01	0	0	0	0	0.161	0	0	0.509	0.570
OS10T0560400-01	RAA1	4530.OS10T0560400-01	4530.OS01T0257300-01	0	0	0	0	0	0	0	0.594	0.594
OS10T0560400-01	OsJ_04706	4530.OS10T0560400-01	4530.OS01T0938200-01	0	0	0	0	0.046	0	0	0.596	0.598
OS10T0560400-01	RCABP89	4530.OS10T0560400-01	4530.OS03T0592500-01	0	0	0	0	0.128	0.054	0	0.506	0.556
OS11T0207200-01	OsJ_05230	4530.OS11T0207200-01	4530.OS02T0128800-01	0	0	0	0	0	0	0	0.633	0.633
OS12T0106200-01	P0690H04.1	4530.OS12T0106200-01	4530.OS06T0225000-00	0	0	0	0	0	0	0	0.569	0.569
OS12T0106200-01	RAB16D	4530.OS12T0106200-01	4530.OS11T0453900-01	0	0	0	0	0	0	0	0.405	0.405
OSH45	ROC4	4530.OS08T0292900-01	4530.OS04T0569100-01	0	0	0	0	0	0	0	0.768	0.768
OSH71	ROC4	4530.OS05T0129700-01	4530.OS04T0569100-01	0	0	0	0	0	0	0	0.687	0.687
OsJ_02889	OsJ_30162	4530.OS01T0659200-01	4530.OS09T0538800-01	0	0	0	0	0	0	0	0.599	0.599
OsJ_02889	OsJ_03777	4530.OS01T0659200-01	4530.OS01T0801500-01	0	0	0	0	0	0	0	0.608	0.608
OsJ_02889	OsJ_18736	4530.OS01T0659200-01	4530.OS01T0940700-02	0	0	0	0	0	0	0	0.618	0.618
OsJ_03777	OsJ_30162	4530.OS01T0801500-01	4530.OS09T0538800-01	0	0	0	0	0	0	0	0.584	0.584
OsJ_04706	RAA1	4530.OS01T0938200-01	4530.OS01T0257300-01	0	0	0	0	0	0	0	0.639	0.639
OsJ_04706	RCABP89	4530.OS01T0938200-01	4530.OS03T0592500-01	0	0	0	0	0	0	0	0.593	0.593
OsJ_11413	OsJ_16882	4530.OS03T0445700-01	4530.OS05T0114400-01	0	0	0	0	0	0	0	0.747	0.747
OsJ_16882	P0470B03.6	4530.OS05T0114400-01	4530.OS08T0467100-01	0	0	0	0	0	0	0	0.517	0.517
OsJ_18736	OsJ_30162	4530.OS01T0940700-02	4530.OS09T0538800-01	0	0	0	0	0	0	0	0.518	0.518
OsJ_19477	ZFP36	4530.OS05T0553400-01	4530.OS03T0437200-01	0	0	0	0	0.199	0.071	0.110	0.641	0.730
OsJ_19477	YAB2	4530.OS05T0553400-01	4530.OS03T0650000-01	0	0	0	0	0	0	0	0.442	0.442
OsJ_19477	WRKY51	4530.OS05T0553400-01	4530.OS04T0287400-01	0	0	0	0	0	0.098	0	0.641	0.662
OsJ_19477	WRKY45-1	4530.OS05T0553400-01	4530.OS05T0322900-01	0	0	0	0	0	0	0	0.637	0.637
OsJ_19477	P0560C03.2	4530.OS05T0553400-01	4530.OS05T0549800-01	0	0	0	0	0	0	0	0.596	0.596
OsJ_19477	P0470B03.6	4530.OS05T0553400-01	4530.OS08T0467100-01	0	0	0	0	0	0.071	0.110	0.415	0.474
OsJ_19477	OsJ_28937	4530.OS05T0553400-01	4530.OS09T0334500-01	0	0	0	0	0.124	0.054	0	0.567	0.609
OsJ_28937	P0034C11.1	4530.OS09T0334500-01	4530.OS01T0246700-01	0	0	0	0	0.288	0	0	0.299	0.479
OsJ_28937	ZFP36	4530.OS09T0334500-01	4530.OS03T0437200-01	0	0	0	0	0.143	0	0	0.575	0.620
OsJ_34943	P0690H04.1	4530.OS11T0106900-01	4530.OS06T0225000-00	0	0	0	0	0	0	0	0.569	0.569
OsJ_34943	RAB16D	4530.OS11T0106900-01	4530.OS11T0453900-01	0	0	0	0	0	0	0	0.405	0.405
P0017D10.7	WRKY24	4530.OS05T0412800-01	4530.OS01T0826400-01	0	0	0	0	0	0	0	0.492	0.491
P0017D10.7	P0560C03.2	4530.OS05T0412800-01	4530.OS05T0549800-01	0	0	0	0	0	0	0	0.403	0.403
P0034C11.1	ZFP36	4530.OS01T0246700-01	4530.OS03T0437200-01	0	0	0	0	0.258	0	0	0.367	0.510
P0034C11.1	WRKY45-1	4530.OS01T0246700-01	4530.OS05T0322900-01	0	0	0	0	0	0	0	0.569	0.569
P0034C11.1	WRKY24	4530.OS01T0246700-01	4530.OS01T0826400-01	0	0	0	0	0.278	0	0	0.614	0.709
P0470B03.6	ZFP36	4530.OS08T0467100-01	4530.OS03T0437200-01	0	0	0	0	0	0	0	0.592	0.592
P0470B03.6	YAB2	4530.OS08T0467100-01	4530.OS03T0650000-01	0	0	0	0	0	0	0	0.790	0.790
P0470B03.6	WRKY45-1	4530.OS08T0467100-01	4530.OS05T0322900-01	0	0	0	0	0	0.064	0	0.421	0.434
P0560C03.2	WRKY24	4530.OS05T0549800-01	4530.OS01T0826400-01	0	0	0	0	0	0	0	0.523	0.523
P0560C03.2	ZFP36	4530.OS05T0549800-01	4530.OS03T0437200-01	0	0	0	0	0	0	0	0.620	0.620
P0560C03.2	YAB2	4530.OS05T0549800-01	4530.OS03T0650000-01	0	0	0	0	0	0	0	0.523	0.523
P0560C03.2	WRKY51	4530.OS05T0549800-01	4530.OS04T0287400-01	0	0	0	0	0	0	0	0.620	0.620
P0560C03.2	WRKY45-1	4530.OS05T0549800-01	4530.OS05T0322900-01	0	0	0	0	0	0	0	0.596	0.596
P0690H04.1	RAB16D	4530.OS06T0225000-00	4530.OS11T0453900-01	0	0	0	0	0	0	0	0.463	0.463
RAA1	RCABP89	4530.OS01T0257300-01	4530.OS03T0592500-01	0	0	0	0	0	0	0	0.523	0.523
WRKY24	ZFP36	4530.OS01T0826400-01	4530.OS03T0437200-01	0	0	0	0	0.624	0	0	0.567	0.830
WRKY45-1	ZFP36	4530.OS05T0322900-01	4530.OS03T0437200-01	0	0	0	0	0	0.064	0	0.664	0.672
WRKY45-1	YAB2	4530.OS05T0322900-01	4530.OS03T0650000-01	0	0	0	0	0	0	0	0.463	0.463
WRKY51	ZFP36	4530.OS04T0287400-01	4530.OS03T0437200-01	0	0	0	0	0.045	0	0	0.714	0.715
WRKY51	YAB2	4530.OS04T0287400-01	4530.OS03T0650000-01	0	0	0	0	0	0	0	0.603	0.603
YAB2	ZFP36	4530.OS03T0650000-01	4530.OS03T0437200-01	0	0	0	0	0	0	0	0.603	0.603
